Tony,85
Tobe,64
Gianina,12
Devin,12
Ives,70
Wyn,13
Irwin,88
Carmen,70
Catherin,70
Gib,10
Atalanta,94
Valdemar,11
Marcelline,82
Dukey,26
Yvon,24
Elsi,84
Ibbie,77
Annice,46
Edwina,46
Raul,65
Seymour,75
Cherianne,55
Alisa,42
Chloris,13
Tammi,93
Ludovika,59
Flossy,92
Curt,12
Trenna,3
Zacharie,62
Dorice,30
Kassi,19
Marjorie,10
Philip,82
Ebba,23
Alic,57
Francene,11
Quillan,60
Darcee,31
Filbert,48
Lancelot,90
Gisella,100
Jacobo,23
Libbi,48
Amalea,56
Leonidas,34
Terrell,50
Bev,72
Asa,48
Kimbra,38
Cordula,52
Marv,72
Tabina,11
Hilliard,37
Eadie,39
Addison,100
Joe,11
Isaak,89
Kinna,67
Allene,100
Rikki,43
Silvie,88
Domingo,83
Hadley,61
Winifield,68
Zora,3
Laurianne,24
Reiko,11
Kamila,29
Pris,49
Ingar,98
Lainey,14
Taite,67
Siobhan,68
Murvyn,62
Ruby,36
Denyse,40
Vivyanne,25
Isaak,84
Silvio,74
Bradford,43
Zondra,49
Andrey,42
Berta,33
Emelina,39
Beck,35
Yetta,31
Rossie,69
Floyd,19
Hester,35
Jennette,21
Gilly,50
Shannon,53
Yovonnda,29
Adolpho,17
Netta,44
Wynn,45
Darcy,63
Ketty,66
Gerard,32